DopingConcentration,Y
-1e+18,-0.039999999
0,-0.039999999
0,0
-1e+18,0
0,0.039999999
-1e+18,0.039999999

